user_id,email,joined_date,password,nationality
1,user1@example.com,2024-06-22,pass001,Germany
2,user2@example.com,2023-05-06,pass002,USA
3,user3@example.com,2022-03-31,pass003,UAE
4,user4@example.com,2023-01-28,pass004,China
5,user5@example.com,2023-03-06,pass005,UK
6,user6@example.com,2023-10-21,pass006,Germany
7,user7@example.com,2022-09-13,pass007,Germany
8,user8@example.com,2024-03-24,pass008,USA
9,user9@example.com,2023-01-27,pass009,Canada
10,user10@example.com,2023-05-07,pass010,Germany
11,user11@example.com,2024-03-11,pass011,Argentina
12,user12@example.com,2022-12-19,pass012,Brazil
13,user13@example.com,2023-05-30,pass013,Canada
14,user14@example.com,2023-02-02,pass014,UAE
15,user15@example.com,2022-07-04,pass015,USA
16,user16@example.com,2022-11-23,pass016,Brazil
17,user17@example.com,2022-08-13,pass017,USA
18,user18@example.com,2024-07-06,pass018,UAE
19,user19@example.com,2022-03-01,pass019,Argentina
20,user20@example.com,2023-06-27,pass020,Canada
21,user21@example.com,2024-02-25,pass021,Brazil
22,user22@example.com,2022-08-27,pass022,China
23,user23@example.com,2022-04-13,pass023,UK
24,user24@example.com,2023-11-04,pass024,UK
25,user25@example.com,2022-09-30,pass025,Germany
26,user26@example.com,2024-04-15,pass026,USA
27,user27@example.com,2024-02-22,pass027,UK
28,user28@example.com,2023-08-13,pass028,Australia
29,user29@example.com,2022-12-30,pass029,China
30,user30@example.com,2022-06-30,pass030,UK
31,user31@example.com,2023-08-30,pass031,Canada
32,user32@example.com,2024-04-05,pass032,Canada
33,user33@example.com,2024-07-24,pass033,Brazil
34,user34@example.com,2022-01-29,pass034,Canada
35,user35@example.com,2024-08-28,pass035,Brazil
36,user36@example.com,2023-08-01,pass036,China
37,user37@example.com,2023-07-31,pass037,UK
38,user38@example.com,2024-05-06,pass038,Argentina
39,user39@example.com,2023-07-10,pass039,UAE
40,user40@example.com,2022-06-29,pass040,Argentina
41,user41@example.com,2022-02-08,pass041,Spain
42,user42@example.com,2022-02-27,pass042,UK
43,user43@example.com,2023-09-09,pass043,UK
44,user44@example.com,2022-01-21,pass044,Germany
45,user45@example.com,2023-05-05,pass045,USA
46,user46@example.com,2022-12-06,pass046,Brazil
47,user47@example.com,2022-07-26,pass047,China
48,user48@example.com,2022-12-15,pass048,China
49,user49@example.com,2024-07-29,pass049,Canada
50,user50@example.com,2022-03-02,pass050,USA
51,user51@example.com,2022-06-01,pass051,Brazil
52,user52@example.com,2023-12-23,pass052,China
53,user53@example.com,2024-03-03,pass053,Spain
54,user54@example.com,2024-05-16,pass054,Germany
55,user55@example.com,2024-05-31,pass055,Canada
56,user56@example.com,2024-09-10,pass056,Spain
57,user57@example.com,2023-01-18,pass057,Australia
58,user58@example.com,2023-08-24,pass058,Spain
59,user59@example.com,2022-12-11,pass059,UAE
60,user60@example.com,2022-11-27,pass060,China
61,user61@example.com,2024-09-26,pass061,China
62,user62@example.com,2024-01-20,pass062,Australia
63,user63@example.com,2024-03-21,pass063,Argentina
64,user64@example.com,2023-10-27,pass064,Canada
65,user65@example.com,2022-06-28,pass065,Germany
66,user66@example.com,2023-12-12,pass066,Brazil
67,user67@example.com,2024-03-16,pass067,Canada
68,user68@example.com,2022-08-17,pass068,Brazil
69,user69@example.com,2024-04-14,pass069,China
70,user70@example.com,2023-01-23,pass070,UAE
71,user71@example.com,2024-01-22,pass071,UAE
72,user72@example.com,2022-05-11,pass072,China
73,user73@example.com,2024-01-17,pass073,USA
74,user74@example.com,2024-08-29,pass074,Brazil
75,user75@example.com,2023-02-05,pass075,Brazil
76,user76@example.com,2022-02-03,pass076,China
77,user77@example.com,2023-09-09,pass077,Canada
78,user78@example.com,2024-08-01,pass078,Brazil
79,user79@example.com,2022-08-15,pass079,Brazil
80,user80@example.com,2022-04-17,pass080,Argentina
81,user81@example.com,2022-05-25,pass081,Canada
82,user82@example.com,2024-02-03,pass082,Spain
83,user83@example.com,2022-09-01,pass083,Canada
84,user84@example.com,2022-11-24,pass084,China
85,user85@example.com,2023-10-14,pass085,Spain
86,user86@example.com,2024-04-21,pass086,Canada
87,user87@example.com,2023-04-03,pass087,USA
88,user88@example.com,2022-09-29,pass088,UK
89,user89@example.com,2022-09-13,pass089,Spain
90,user90@example.com,2022-12-25,pass090,UAE
91,user91@example.com,2024-03-16,pass091,Spain
92,user92@example.com,2024-01-08,pass092,USA
93,user93@example.com,2022-02-19,pass093,Australia
94,user94@example.com,2023-03-25,pass094,Australia
95,user95@example.com,2024-09-19,pass095,China
96,user96@example.com,2024-06-24,pass096,Australia
97,user97@example.com,2023-05-20,pass097,Australia
98,user98@example.com,2022-12-26,pass098,Germany
99,user99@example.com,2023-01-20,pass099,Spain
100,user100@example.com,2024-04-28,pass100,Argentina
