group_member_id,booking_id,name,age
1,113,Tina Patel,42
2,100,Isabella Bianchi,61
3,19,Emma Silva,54
4,2,Nina Bianchi,28
5,57,Walter Mendoza,31
6,81,Juan Vargas,44
7,79,Carlos Suarez,31
8,12,Gabriela Patel,25
9,76,Yusuf Lee,45
10,41,Isabella Lopez,35
11,83,Frank Lopez,53
12,77,Miguel Mendoza,56
13,37,Bob Suarez,60
14,113,Tina Santos,51
15,78,Gustavo Santos,65
16,51,Samuel Bianchi,21
17,101,Pablo Vega,42
18,15,Pablo Vega,58
19,77,Emma Silva,18
20,47,Ugo Patel,42
21,111,Kevin Ramirez,41
22,70,Leo Cabrera,48
23,99,Emma Walker,55
24,9,Alice Rossi,31
25,6,Daniel Dominguez,43
26,65,Samuel Bianchi,63
27,65,Adam Ramirez,62
28,52,Frank Bianchi,52
29,69,Nina Patel,35
30,11,Tina Reid,50
31,118,Nicolas Dominguez,27
32,69,Ugo Kim,55
33,82,Emma Perez,62
34,56,Pablo Martin,33
35,12,Bea Nguyen,47
36,79,Miguel Martin,37
37,86,Leo Nguyen,18
38,91,Isabella Navarro,18
39,21,Fiona Lee,51
40,67,Quinn Wu,41
41,17,Rosa Mendoza,25
42,99,Bob Gomez,45
43,35,Helena Reid,34
44,92,Kevin Bianchi,22
45,64,Dina Silva,41
46,8,Fiona Suarez,54
47,22,Ximena Wu,34
48,99,Gabriela Delgado,54
49,87,Hugo Lopez,65
50,66,Alice Martin,18
