user_id,first_name,second_name,age,contact
1,Pablo,Martin,48,+1-555-1001
2,Ximena,Kim,27,+1-555-1002
3,Leo,Vargas,20,+1-555-1003
4,Julia,Dominguez,63,+1-555-1004
5,Adam,Lopez,38,+1-555-1005
6,Pablo,Ramirez,64,+1-555-1006
7,Ugo,Rossi,70,+1-555-1007
8,Emma,Ferrer,41,+1-555-1008
9,Hugo,Silva,61,+1-555-1009
10,Daniel,Wu,32,+1-555-1010
11,Helena,Martin,43,+1-555-1011
12,Emma,Delgado,47,+1-555-1012
13,Samuel,Cabrera,37,+1-555-1013
14,Ugo,Reid,53,+1-555-1014
15,Dina,Walker,41,+1-555-1015
16,Marta,Perez,54,+1-555-1016
17,Tina,Mendoza,57,+1-555-1017
18,Pablo,Torres,41,+1-555-1018
19,Laura,Vega,67,+1-555-1019
20,Marta,Mendoza,52,+1-555-1020
21,Pablo,Patel,18,+1-555-1021
22,Adam,Walker,32,+1-555-1022
23,Ivan,Lee,58,+1-555-1023
24,Alice,Gomez,18,+1-555-1024
25,Yusuf,Suarez,65,+1-555-1025
26,Tina,Nguyen,31,+1-555-1026
27,Helena,Lopez,44,+1-555-1027
28,Fiona,Martin,27,+1-555-1028
29,Rosa,Reid,20,+1-555-1029
30,Olga,Delgado,51,+1-555-1030
31,Adam,Navarro,41,+1-555-1031
32,Dina,Mendoza,23,+1-555-1032
33,Laura,Nguyen,50,+1-555-1033
34,Isabella,Bianchi,70,+1-555-1034
35,Zara,Reid,55,+1-555-1035
36,Kevin,Martin,45,+1-555-1036
37,Isabella,Lopez,36,+1-555-1037
38,Quinn,Suarez,38,+1-555-1038
39,Zara,Navarro,65,+1-555-1039
40,Ugo,Gomez,46,+1-555-1040
41,Rosa,Lopez,22,+1-555-1041
42,Marta,Patel,67,+1-555-1042
43,Laura,Nguyen,27,+1-555-1043
44,Gabriela,Wu,46,+1-555-1044
45,Dina,Gomez,44,+1-555-1045
46,Hugo,Costa,40,+1-555-1046
47,Nicolas,Torres,37,+1-555-1047
48,Dina,Rossi,25,+1-555-1048
49,Frank,Wu,69,+1-555-1049
50,Tina,Ortega,63,+1-555-1050
51,Miguel,Martin,31,+1-555-1051
52,Ugo,Patel,23,+1-555-1052
53,Pablo,Lee,43,+1-555-1053
54,Gustavo,Martin,61,+1-555-1054
55,Tina,Rossi,70,+1-555-1055
56,Leo,Walker,43,+1-555-1056
57,Carlos,Costa,65,+1-555-1057
58,Julia,Lopez,24,+1-555-1058
59,Dina,Nguyen,69,+1-555-1059
60,Isabella,Nguyen,18,+1-555-1060
61,Daniel,Ortega,67,+1-555-1061
62,Olga,Patel,30,+1-555-1062
63,Zara,Lee,61,+1-555-1063
64,Frank,Ferrer,55,+1-555-1064
65,Quinn,Vargas,70,+1-555-1065
66,Emma,Walker,22,+1-555-1066
67,Marta,Delgado,59,+1-555-1067
68,Carlos,Dominguez,26,+1-555-1068
69,Frank,Delgado,69,+1-555-1069
70,Valeria,Nguyen,20,+1-555-1070
71,Dina,Martin,28,+1-555-1071
72,Kevin,Ramirez,70,+1-555-1072
73,Zara,Vega,19,+1-555-1073
74,Yusuf,Ruiz,45,+1-555-1074
75,Leo,Lee,31,+1-555-1075
76,Leo,Rossi,35,+1-555-1076
77,Carlos,Delgado,27,+1-555-1077
78,Clara,Morales,57,+1-555-1078
79,Nina,Lopez,59,+1-555-1079
80,Samuel,Vega,44,+1-555-1080
